crop,country,year,c_area_harvested,c_production,vap_gross_production_value_us
Abaca,World,2010,0.013043478,NA,0.004347826
Abaca,World,2011,0.013043478,NA,0.004347826
Abaca,World,2012,0.013043478,NA,0.004347826
Abaca,World,2013,0.013043478,NA,0.004347826
Adlay,World,2010,0.013043478,0.017391304,0.013043478
Adlay,World,2011,0.008695652,0.017391304,0.008695652
Adlay,World,2012,0.008695652,0.017391304,0.013043478
Adlay,World,2013,0.008695652,0.017391304,0.013043478
Adzuki bean,World,2010,0.452173913,0.426086957,0.395652174
Adzuki bean,World,2011,0.460869565,0.42173913,0.386956522
Adzuki bean,World,2012,0.456521739,0.413043478,0.37826087
Adzuki bean,World,2013,0.460869565,0.391304348,0.382608696
Agave,World,2010,0.004347826,NA,NA
Agave,World,2011,NA,NA,NA
Agave,World,2012,NA,NA,NA
Agave,World,2013,NA,NA,NA
Albardine,World,2010,NA,NA,NA
Albardine,World,2011,NA,NA,NA
Albardine,World,2012,NA,NA,NA
Albardine,World,2013,NA,NA,NA
Alfalfa,World,2010,NA,NA,NA
Alfalfa,World,2011,NA,NA,NA
Alfalfa,World,2012,NA,NA,NA
Alfalfa,World,2013,NA,NA,NA
Allspice,World,2010,0.156521739,0.252173913,0.326086957
Allspice,World,2011,0.160869565,0.256521739,0.304347826
Allspice,World,2012,0.152173913,0.247826087,0.326086957
Allspice,World,2013,0.152173913,0.252173913,0.313043478
Almonds,World,2010,0.060869565,0.034782609,0.060869565
Almonds,World,2011,0.065217391,0.043478261,0.07826087
Almonds,World,2012,0.065217391,0.043478261,0.065217391
Almonds,World,2013,0.069565217,0.030434783,0.060869565
Amaranth,World,2010,0.013043478,0.017391304,0.013043478
Amaranth,World,2011,0.008695652,0.017391304,0.008695652
Amaranth,World,2012,0.008695652,0.017391304,0.013043478
Amaranth,World,2013,0.008695652,0.017391304,0.013043478
Anise,World,2010,0.017391304,0.013043478,0.02173913
Anise,World,2011,0.013043478,0.004347826,0.026086957
Anise,World,2012,0.013043478,0.004347826,0.026086957
Anise,World,2013,0.013043478,0.004347826,0.017391304
Apple,World,2010,0.156521739,0.295652174,0.304347826
Apple,World,2011,0.165217391,0.295652174,0.3
Apple,World,2012,0.169565217,0.304347826,0.282608696
Apple,World,2013,0.160869565,0.304347826,0.295652174
Apricot,World,2010,0.039130435,0.073913043,0.091304348
Apricot,World,2011,0.034782609,0.065217391,0.091304348
Apricot,World,2012,0.039130435,0.07826087,0.095652174
Apricot,World,2013,0.034782609,0.065217391,0.095652174
Areca nuts,World,2010,0.017391304,0.008695652,0.013043478
Areca nuts,World,2011,0.017391304,0.008695652,0.013043478
Areca nuts,World,2012,0.017391304,0.008695652,0.017391304
Areca nuts,World,2013,0.017391304,0.008695652,0.017391304
Arracacha,World,2010,0.060869565,0.1,0.052173913
Arracacha,World,2011,0.060869565,0.1,0.056521739
Arracacha,World,2012,0.060869565,0.1,0.052173913
Arracacha,World,2013,0.065217391,0.1,0.052173913
Arrhenatherum,World,2010,0.013043478,0.004347826,NA
Arrhenatherum,World,2011,0.013043478,0.013043478,NA
Arrhenatherum,World,2012,0.013043478,0.013043478,NA
Arrhenatherum,World,2013,0.013043478,0.004347826,NA
Arrowroot,World,2010,0.060869565,0.1,0.052173913
Arrowroot,World,2011,0.060869565,0.1,0.056521739
Arrowroot,World,2012,0.056521739,0.1,0.052173913
Arrowroot,World,2013,0.060869565,0.1,0.052173913
Artichokes,World,2010,0.008695652,0.026086957,0.030434783
Artichokes,World,2011,0.008695652,0.026086957,0.02173913
Artichokes,World,2012,0.008695652,0.026086957,0.030434783
Artichokes,World,2013,0.008695652,0.026086957,0.013043478
Asparagus,World,2010,0.013043478,0.004347826,0.060869565
Asparagus,World,2011,0.013043478,0.013043478,0.043478261
Asparagus,World,2012,0.013043478,0.013043478,0.043478261
Asparagus,World,2013,0.013043478,0.004347826,0.047826087
Atemoya,World,2010,0.030434783,0.039130435,0.017391304
Atemoya,World,2011,0.030434783,0.039130435,0.013043478
Atemoya,World,2012,0.030434783,0.039130435,0.008695652
Atemoya,World,2013,0.030434783,0.039130435,0.013043478
Avocado,World,2010,0.065217391,0.1,0.108695652
Avocado,World,2011,0.065217391,0.108695652,0.095652174
Avocado,World,2012,0.069565217,0.104347826,0.095652174
Avocado,World,2013,0.069565217,0.1,0.095652174
Azarole,World,2010,0.086956522,0.086956522,0.039130435
Azarole,World,2011,0.086956522,0.095652174,0.039130435
Azarole,World,2012,0.086956522,0.095652174,0.034782609
Azarole,World,2013,0.095652174,0.1,0.039130435
Babaco,World,2010,0.086956522,0.086956522,0.039130435
Babaco,World,2011,0.086956522,0.091304348,0.039130435
Babaco,World,2012,0.086956522,0.091304348,0.034782609
Babaco,World,2013,0.095652174,0.095652174,0.030434783
Badian,World,2010,0.013043478,0.013043478,0.017391304
Badian,World,2011,0.013043478,0.004347826,0.026086957
Badian,World,2012,0.008695652,0.004347826,0.026086957
Badian,World,2013,0.013043478,0.004347826,0.017391304
Bambara bean,World,2010,0.004347826,NA,NA
Bambara bean,World,2011,NA,NA,0.004347826
Bambara bean,World,2012,NA,NA,NA
Bambara bean,World,2013,NA,NA,NA
Bamboo shoot,World,2010,0.117391304,0.230434783,0.147826087
Bamboo shoot,World,2011,0.12173913,0.230434783,0.130434783
Bamboo shoot,World,2012,0.12173913,0.239130435,0.134782609
Bamboo shoot,World,2013,0.113043478,0.247826087,0.143478261
Bananas,World,2010,0.273913043,0.456521739,0.304347826
Bananas,World,2011,0.273913043,0.443478261,0.295652174
Bananas,World,2012,0.282608696,0.447826087,0.27826087
Bananas,World,2013,0.269565217,0.447826087,0.286956522
Barley,World,2010,0.373913043,0.32173913,0.269565217
Barley,World,2011,0.365217391,0.32173913,0.27826087
Barley,World,2012,0.360869565,0.326086957,0.282608696
Barley,World,2013,0.360869565,0.330434783,0.273913043
Bay leaf,World,2010,0.004347826,NA,0.013043478
Bay leaf,World,2011,0.004347826,NA,0.004347826
Bay leaf,World,2012,0.004347826,NA,0.008695652
Bay leaf,World,2013,0.004347826,NA,0.013043478
Beech nut,World,2010,0.004347826,NA,0.004347826
Beech nut,World,2011,0.004347826,NA,0.004347826
Beech nut,World,2012,0.004347826,NA,0.004347826
Beech nut,World,2013,0.008695652,NA,0.004347826
Beets,World,2010,0.117391304,0.226086957,0.130434783
Beets,World,2011,0.12173913,0.213043478,0.130434783
Beets,World,2012,0.117391304,0.22173913,0.134782609
Beets,World,2013,0.104347826,0.247826087,0.139130435
Black gram,World,2010,0.452173913,0.413043478,0.391304348
Black gram,World,2011,0.456521739,0.404347826,0.386956522
Black gram,World,2012,0.456521739,0.404347826,0.369565217
Black gram,World,2013,0.452173913,0.382608696,0.382608696
Black salsify,World,2010,0.117391304,0.208695652,0.130434783
Black salsify,World,2011,0.117391304,0.208695652,0.12173913
Black salsify,World,2012,0.104347826,0.204347826,0.130434783
Black salsify,World,2013,0.104347826,0.226086957,0.134782609
Blueberry,World,2010,NA,NA,0.013043478
Blueberry,World,2011,NA,NA,0.013043478
Blueberry,World,2012,NA,NA,0.013043478
Blueberry,World,2013,NA,NA,0.013043478
Brazil nut,World,2010,NA,NA,0.004347826
Brazil nut,World,2011,NA,NA,0.004347826
Brazil nut,World,2012,NA,NA,0.004347826
Brazil nut,World,2013,NA,NA,0.004347826
Breadfruit,World,2010,0.030434783,0.039130435,0.017391304
Breadfruit,World,2011,0.030434783,0.039130435,0.013043478
Breadfruit,World,2012,0.030434783,0.039130435,0.008695652
Breadfruit,World,2013,0.030434783,0.039130435,0.013043478
Buckwheat,World,2010,0.02173913,0.004347826,0.013043478
Buckwheat,World,2011,0.034782609,0.004347826,0.02173913
Buckwheat,World,2012,0.030434783,0.008695652,0.02173913
Buckwheat,World,2013,0.030434783,0.008695652,0.02173913
Butter-nut,World,2010,0.008695652,0.004347826,0.008695652
Butter-nut,World,2011,0.008695652,0.004347826,0.008695652
Butter-nut,World,2012,0.008695652,0.004347826,0.004347826
Butter-nut,World,2013,0.008695652,0.004347826,0.004347826
Butternut squash,World,2010,0.130434783,0.3,0.22173913
Butternut squash,World,2011,0.130434783,0.3,0.226086957
Butternut squash,World,2012,0.134782609,0.295652174,0.230434783
Butternut squash,World,2013,0.134782609,0.304347826,0.230434783
Cabbages,World,2010,0.186956522,0.504347826,0.408695652
Cabbages,World,2011,0.191304348,0.508695652,0.386956522
Cabbages,World,2012,0.2,0.495652174,0.391304348
Cabbages,World,2013,0.195652174,0.491304348,0.373913043
Cabbages and other brassicas,World,2010,0.195652174,0.513043478,0.417391304
Cabbages and other brassicas,World,2011,0.204347826,0.508695652,0.395652174
Cabbages and other brassicas,World,2012,0.213043478,0.495652174,0.404347826
Cabbages and other brassicas,World,2013,0.195652174,0.495652174,0.382608696
Caesarweed,World,2010,0.004347826,NA,NA
Caesarweed,World,2011,0.004347826,NA,NA
Caesarweed,World,2012,0.004347826,NA,NA
Caesarweed,World,2013,0.004347826,NA,NA
Cainito,World,2010,0.030434783,0.039130435,0.017391304
Cainito,World,2011,0.030434783,0.039130435,0.008695652
Cainito,World,2012,0.030434783,0.039130435,0.008695652
Cainito,World,2013,0.030434783,0.039130435,0.013043478
Calabash,World,2010,0.130434783,0.295652174,0.22173913
Calabash,World,2011,0.12173913,0.291304348,0.217391304
Calabash,World,2012,0.12173913,0.291304348,0.226086957
Calabash,World,2013,0.130434783,0.3,0.226086957
Canary seed,World,2010,NA,NA,NA
Canary seed,World,2011,NA,NA,NA
Canary seed,World,2012,NA,NA,NA
Canary seed,World,2013,NA,NA,NA
Candlenut,World,2010,0.004347826,NA,0.004347826
Candlenut,World,2011,0.004347826,NA,0.004347826
Candlenut,World,2012,0.004347826,NA,0.004347826
Candlenut,World,2013,0.008695652,NA,0.004347826
Canola,World,2010,0.17826087,0.495652174,0.386956522
Canola,World,2011,0.191304348,0.5,0.360869565
Canola,World,2012,0.191304348,0.486956522,0.369565217
Canola,World,2013,0.195652174,0.47826087,0.343478261
Capers,World,2010,0.117391304,0.204347826,0.12173913
Capers,World,2011,0.108695652,0.204347826,0.117391304
Capers,World,2012,0.1,0.2,0.117391304
Capers,World,2013,0.104347826,0.217391304,0.130434783
Carambola,World,2010,0.030434783,0.039130435,0.013043478
Carambola,World,2011,0.030434783,0.034782609,0.008695652
Carambola,World,2012,0.030434783,0.034782609,0.008695652
Carambola,World,2013,0.030434783,0.034782609,0.013043478
Carapa,World,2010,0.004347826,NA,0.004347826
Carapa,World,2011,0.004347826,NA,0.004347826
Carapa,World,2012,0.004347826,NA,0.004347826
Carapa,World,2013,0.004347826,NA,0.004347826
Cardamoms,World,2010,0.026086957,0.004347826,0.017391304
Cardamoms,World,2011,0.030434783,0.004347826,0.02173913
Cardamoms,World,2012,0.026086957,0.004347826,0.02173913
Cardamoms,World,2013,0.030434783,0.004347826,0.017391304
Carneros Yucca,World,2010,NA,NA,NA
Carneros Yucca,World,2011,NA,NA,NA
Carneros Yucca,World,2012,NA,NA,NA
Carneros Yucca,World,2013,NA,NA,NA
Caroa,World,2010,NA,NA,NA
Caroa,World,2011,NA,NA,NA
Caroa,World,2012,NA,NA,NA
Caroa,World,2013,NA,NA,NA
Carobs,World,2010,0.013043478,0.008695652,0.008695652
Carobs,World,2011,0.013043478,0.008695652,0.008695652
Carobs,World,2012,0.017391304,0.008695652,0.004347826
Carobs,World,2013,0.013043478,0.008695652,0.008695652
Carrots,World,2010,0.073913043,0.313043478,0.27826087
Carrots,World,2011,0.07826087,0.304347826,0.273913043
Carrots,World,2012,0.069565217,0.317391304,0.269565217
Carrots,World,2013,0.07826087,0.313043478,0.286956522
Cashews,World,2010,0.043478261,0.034782609,0.039130435
Cashews,World,2011,0.047826087,0.043478261,0.039130435
Cashews,World,2012,0.056521739,0.039130435,0.034782609
Cashews,World,2013,0.052173913,0.034782609,0.034782609
Cassava,World,2010,0.269565217,0.32173913,0.204347826
Cassava,World,2011,0.265217391,0.317391304,0.22173913
Cassava,World,2012,0.27826087,0.326086957,0.234782609
Cassava,World,2013,0.273913043,0.343478261,0.239130435
Castor bean,World,2010,0.004347826,0.004347826,0.004347826
Castor bean,World,2011,0.008695652,0.008695652,0.004347826
Castor bean,World,2012,0.008695652,0.008695652,0.008695652
Castor bean,World,2013,0.008695652,0.004347826,0.008695652
Ceara,World,2010,NA,NA,NA
Ceara,World,2011,NA,NA,NA
Ceara,World,2012,NA,NA,NA
Ceara,World,2013,NA,NA,0.004347826
Celery,World,2010,0.117391304,0.204347826,0.104347826
Celery,World,2011,0.104347826,0.204347826,0.113043478
Celery,World,2012,0.1,0.195652174,0.117391304
Celery,World,2013,0.104347826,0.213043478,0.130434783
Cherimoya,World,2010,0.030434783,0.034782609,0.008695652
Cherimoya,World,2011,0.030434783,0.030434783,0.008695652
Cherimoya,World,2012,0.030434783,0.034782609,0.008695652
Cherimoya,World,2013,0.030434783,0.034782609,0.013043478
Cherries,World,2010,0.039130435,0.065217391,0.147826087
Cherries,World,2011,0.043478261,0.07826087,0.147826087
Cherries,World,2012,0.047826087,0.073913043,0.134782609
Cherries,World,2013,0.039130435,0.060869565,0.160869565
Chervil,World,2010,0.113043478,0.195652174,0.104347826
Chervil,World,2011,0.1,0.186956522,0.113043478
Chervil,World,2012,0.1,0.191304348,0.117391304
Chervil,World,2013,0.1,0.204347826,0.130434783
Chestnuts,World,2010,0.02173913,0.008695652,0.026086957
Chestnuts,World,2011,0.02173913,0.008695652,0.030434783
Chestnuts,World,2012,0.026086957,0.008695652,0.026086957
Chestnuts,World,2013,0.02173913,0.004347826,0.026086957
Chickpeas,World,2010,0.065217391,0.056521739,0.065217391
Chickpeas,World,2011,0.073913043,0.056521739,0.052173913
Chickpeas,World,2012,0.065217391,0.052173913,0.060869565
Chickpeas,World,2013,0.069565217,0.052173913,0.056521739
Chicle,World,2010,NA,NA,NA
Chicle,World,2011,NA,NA,NA
Chicle,World,2012,NA,NA,NA
Chicle,World,2013,NA,NA,NA
Chicory,World,2010,0.091304348,0.165217391,0.2
Chicory,World,2011,0.1,0.169565217,0.191304348
Chicory,World,2012,0.104347826,0.160869565,0.186956522
Chicory,World,2013,0.1,0.173913043,0.191304348
Chillies and peppers,World,2010,0.152173913,0.252173913,0.308695652
Chillies and peppers,World,2011,0.152173913,0.252173913,0.291304348
Chillies and peppers,World,2012,0.143478261,0.243478261,0.304347826
Chillies and peppers,World,2013,0.152173913,0.243478261,0.304347826
Chinotto,World,2010,0.052173913,0.095652174,0.060869565
Chinotto,World,2011,0.047826087,0.1,0.056521739
Chinotto,World,2012,0.047826087,0.095652174,0.060869565
Chinotto,World,2013,0.052173913,0.104347826,0.069565217
Chontadura,World,2010,0.004347826,NA,0.004347826
Chontadura,World,2011,0.004347826,NA,0.004347826
Chontadura,World,2012,0.004347826,NA,0.004347826
Chontadura,World,2013,NA,NA,0.004347826
Chufa,World,2010,0.043478261,0.091304348,0.052173913
Chufa,World,2011,0.052173913,0.095652174,0.056521739
Chufa,World,2012,0.043478261,0.095652174,0.052173913
Chufa,World,2013,0.052173913,0.095652174,0.047826087
Cinnamon,World,2010,0.008695652,NA,0.008695652
Cinnamon,World,2011,0.013043478,0.004347826,0.008695652
Cinnamon,World,2012,0.013043478,0.004347826,0.008695652
Cinnamon,World,2013,0.013043478,NA,0.008695652
Citron,World,2010,0.047826087,0.091304348,0.060869565
Citron,World,2011,0.047826087,0.1,0.052173913
Citron,World,2012,0.047826087,0.091304348,0.060869565
Citron,World,2013,0.052173913,0.1,0.069565217
Citronella,World,2010,NA,NA,NA
Citronella,World,2011,NA,NA,NA
Citronella,World,2012,NA,NA,NA
Citronella,World,2013,NA,NA,NA
Cloves,World,2010,0.008695652,0.004347826,0.008695652
Cloves,World,2011,0.008695652,0.004347826,0.008695652
Cloves,World,2012,0.013043478,NA,0.008695652
Cloves,World,2013,0.013043478,0.004347826,0.008695652
Cocoa,World,2010,0.126086957,0.056521739,0.082608696
Cocoa,World,2011,0.130434783,0.056521739,0.086956522
Cocoa,World,2012,0.126086957,0.056521739,0.07826087
Cocoa,World,2013,0.126086957,0.052173913,0.073913043
Coconuts,World,2010,0.230434783,0.269565217,0.134782609
Coconuts,World,2011,0.239130435,0.273913043,0.143478261
Coconuts,World,2012,0.234782609,0.269565217,0.139130435
Coconuts,World,2013,0.239130435,0.252173913,0.147826087
Coffee,World,2010,0.17826087,0.095652174,0.126086957
Coffee,World,2011,0.17826087,0.082608696,0.126086957
Coffee,World,2012,0.17826087,0.095652174,0.126086957
Coffee,World,2013,0.173913043,0.086956522,0.12173913
Common bean,World,2010,0.447826087,0.4,0.382608696
Common bean,World,2011,0.443478261,0.391304348,0.37826087
Common bean,World,2012,0.447826087,0.386956522,0.365217391
Common bean,World,2013,0.439130435,0.37826087,0.37826087
Coriander,World,2010,0.013043478,0.013043478,0.017391304
Coriander,World,2011,0.008695652,0.004347826,0.026086957
Coriander,World,2012,0.008695652,0.004347826,0.026086957
Coriander,World,2013,0.013043478,0.004347826,0.017391304
Cotton,World,2010,0.165217391,0.22173913,0.152173913
Cotton,World,2011,0.186956522,0.234782609,0.165217391
Cotton,World,2012,0.173913043,0.239130435,0.160869565
Cotton,World,2013,0.169565217,0.234782609,0.152173913
Cowpeas,World,2010,0.056521739,0.047826087,0.026086957
Cowpeas,World,2011,0.056521739,0.047826087,0.026086957
Cowpeas,World,2012,0.052173913,0.052173913,0.030434783
Cowpeas,World,2013,0.047826087,0.052173913,0.026086957
Cranberries,World,2010,0.004347826,NA,NA
Cranberries,World,2011,0.004347826,0.004347826,NA
Cranberries,World,2012,0.004347826,0.004347826,0.008695652
Cranberries,World,2013,0.004347826,0.004347826,0.004347826
Cress,World,2010,0.108695652,0.191304348,0.104347826
Cress,World,2011,0.1,0.17826087,0.108695652
Cress,World,2012,0.1,0.186956522,0.108695652
Cress,World,2013,0.1,0.2,0.130434783
Cucumbers and gherkins,World,2010,0.126086957,0.32173913,0.295652174
Cucumbers and gherkins,World,2011,0.126086957,0.3,0.256521739
Cucumbers and gherkins,World,2012,0.130434783,0.304347826,0.265217391
Cucumbers and gherkins,World,2013,0.12173913,0.304347826,0.27826087
Cumin,World,2010,0.008695652,0.008695652,0.017391304
Cumin,World,2011,0.004347826,0.004347826,0.026086957
Cumin,World,2012,0.008695652,0.004347826,0.02173913
Cumin,World,2013,0.008695652,0.004347826,0.017391304
Currants,World,2010,0.004347826,0.008695652,0.017391304
Currants,World,2011,0.004347826,0.008695652,0.017391304
Currants,World,2012,0.004347826,0.008695652,0.017391304
Currants,World,2013,0.004347826,0.008695652,0.017391304
Cushaw,World,2010,0.130434783,0.291304348,0.22173913
Cushaw,World,2011,0.117391304,0.282608696,0.208695652
Cushaw,World,2012,0.113043478,0.286956522,0.22173913
Cushaw,World,2013,0.113043478,0.3,0.217391304
Custard apple,World,2010,0.026086957,0.030434783,0.008695652
Custard apple,World,2011,0.026086957,0.030434783,0.008695652
Custard apple,World,2012,0.026086957,0.030434783,0.008695652
Custard apple,World,2013,0.030434783,0.034782609,0.013043478
Dates,World,2010,0.073913043,0.091304348,0.056521739
Dates,World,2011,0.069565217,0.095652174,0.060869565
Dates,World,2012,0.07826087,0.091304348,0.056521739
Dates,World,2013,0.073913043,0.091304348,0.060869565
Devil's cotton,World,2010,0.004347826,NA,NA
Devil's cotton,World,2011,0.004347826,NA,NA
Devil's cotton,World,2012,0.004347826,NA,NA
Devil's cotton,World,2013,0.004347826,NA,NA
Dill,World,2010,0.004347826,NA,0.013043478
Dill,World,2011,0.004347826,NA,0.004347826
Dill,World,2012,0.004347826,NA,0.004347826
Dill,World,2013,0.004347826,NA,0.013043478
Durian,World,2010,0.026086957,0.030434783,0.008695652
Durian,World,2011,0.026086957,0.030434783,0.008695652
Durian,World,2012,0.026086957,0.026086957,0.008695652
Durian,World,2013,0.030434783,0.034782609,0.013043478
Eggplant,World,2010,0.052173913,0.160869565,0.117391304
Eggplant,World,2011,0.065217391,0.160869565,0.130434783
Eggplant,World,2012,0.065217391,0.160869565,0.126086957
Eggplant,World,2013,0.065217391,0.152173913,0.113043478
Elderberry,World,2010,0.086956522,0.086956522,0.039130435
Elderberry,World,2011,0.086956522,0.086956522,0.030434783
Elderberry,World,2012,0.086956522,0.091304348,0.034782609
Elderberry,World,2013,0.095652174,0.095652174,0.030434783
Esparto,World,2010,NA,NA,NA
Esparto,World,2011,NA,NA,NA
Esparto,World,2012,NA,NA,NA
Esparto,World,2013,NA,NA,NA
Ethiopian rape,World,2010,0.169565217,0.473913043,0.382608696
Ethiopian rape,World,2011,0.17826087,0.47826087,0.343478261
Ethiopian rape,World,2012,0.17826087,0.469565217,0.343478261
Ethiopian rape,World,2013,0.182608696,0.465217391,0.317391304
Faba beans,World,2010,0.052173913,0.034782609,0.034782609
Faba beans,World,2011,0.052173913,0.026086957,0.043478261
Faba beans,World,2012,0.052173913,0.034782609,0.030434783
Faba beans,World,2013,0.052173913,0.026086957,0.039130435
Feijoa,World,2010,0.026086957,0.030434783,0.008695652
Feijoa,World,2011,0.026086957,0.026086957,0.008695652
Feijoa,World,2012,0.026086957,0.026086957,0.008695652
Feijoa,World,2013,0.026086957,0.034782609,0.013043478
Fennel,World,2010,0.008695652,0.008695652,0.017391304
Fennel,World,2011,0.004347826,0.004347826,0.02173913
Fennel,World,2012,0.008695652,0.004347826,0.02173913
Fennel,World,2013,0.008695652,0.004347826,0.017391304
Fenugreek,World,2010,0.004347826,NA,0.013043478
Fenugreek,World,2011,0.004347826,NA,0.004347826
Fenugreek,World,2012,0.004347826,NA,0.004347826
Fenugreek,World,2013,0.004347826,NA,0.013043478
Fig leaf gourd,World,2010,0.117391304,0.282608696,0.213043478
Fig leaf gourd,World,2011,0.108695652,0.269565217,0.2
Fig leaf gourd,World,2012,0.113043478,0.282608696,0.208695652
Fig leaf gourd,World,2013,0.108695652,0.286956522,0.217391304
Figs,World,2010,0.026086957,0.034782609,0.039130435
Figs,World,2011,0.026086957,0.039130435,0.039130435
Figs,World,2012,0.026086957,0.039130435,0.030434783
Figs,World,2013,0.02173913,0.039130435,0.030434783
Finger millet,World,2010,0.182608696,0.160869565,0.1
Finger millet,World,2011,0.191304348,0.156521739,0.117391304
Finger millet,World,2012,0.186956522,0.160869565,0.108695652
Finger millet,World,2013,0.182608696,0.156521739,0.104347826
Fique,World,2010,NA,NA,NA
Fique,World,2011,NA,NA,NA
Fique,World,2012,NA,NA,NA
Fique,World,2013,NA,NA,NA
Flax,World,2010,0.017391304,0.013043478,0.02173913
Flax,World,2011,0.017391304,0.013043478,0.02173913
Flax,World,2012,0.017391304,0.017391304,0.026086957
Flax,World,2013,0.017391304,0.017391304,0.02173913
Fonio,World,2010,0.004347826,0.008695652,0.008695652
Fonio,World,2011,0.004347826,0.008695652,0.004347826
Fonio,World,2012,0.004347826,0.004347826,0.004347826
Fonio,World,2013,0.004347826,0.004347826,0.004347826
Foxtail millet,World,2010,0.182608696,0.152173913,0.1
Foxtail millet,World,2011,0.182608696,0.156521739,0.113043478
Foxtail millet,World,2012,0.186956522,0.156521739,0.104347826
Foxtail millet,World,2013,0.17826087,0.156521739,0.104347826
Garlic,World,2010,0.026086957,0.052173913,0.165217391
Garlic,World,2011,0.026086957,0.056521739,0.147826087
Garlic,World,2012,0.030434783,0.060869565,0.139130435
Garlic,World,2013,0.030434783,0.052173913,0.152173913
Giant cabuya,World,2010,NA,NA,NA
Giant cabuya,World,2011,NA,NA,NA
Giant cabuya,World,2012,NA,NA,NA
Giant cabuya,World,2013,NA,NA,NA
Ginger,World,2010,0.008695652,0.013043478,0.034782609
Ginger,World,2011,0.004347826,0.017391304,0.030434783
Ginger,World,2012,0.008695652,0.013043478,0.034782609
Ginger,World,2013,0.013043478,0.017391304,0.039130435
Gooseberries,World,2010,NA,NA,0.004347826
Gooseberries,World,2011,NA,NA,0.004347826
Gooseberries,World,2012,NA,NA,0.004347826
Gooseberries,World,2013,NA,NA,0.008695652
Grapefruits,World,2010,0.060869565,0.095652174,0.056521739
Grapefruits,World,2011,0.056521739,0.091304348,0.056521739
Grapefruits,World,2012,0.056521739,0.104347826,0.056521739
Grapefruits,World,2013,0.052173913,0.07826087,0.056521739
Grapes,World,2010,0.195652174,0.256521739,0.27826087
Grapes,World,2011,0.2,0.265217391,0.273913043
Grapes,World,2012,0.191304348,0.269565217,0.282608696
Grapes,World,2013,0.186956522,0.260869565,0.27826087
Grasspea,World,2010,0.052173913,0.026086957,0.026086957
Grasspea,World,2011,0.052173913,0.026086957,0.026086957
Grasspea,World,2012,0.047826087,0.030434783,0.026086957
Grasspea,World,2013,0.056521739,0.034782609,0.026086957
Groundnuts,World,2010,0.208695652,0.17826087,0.191304348
Groundnuts,World,2011,0.208695652,0.182608696,0.191304348
Groundnuts,World,2012,0.230434783,0.17826087,0.204347826
Groundnuts,World,2013,0.230434783,0.182608696,0.208695652
Guavas,World,2010,0.156521739,0.252173913,0.169565217
Guavas,World,2011,0.165217391,0.247826087,0.195652174
Guavas,World,2012,0.169565217,0.247826087,0.191304348
Guavas,World,2013,0.186956522,0.252173913,0.191304348
Guayule,World,2010,NA,NA,NA
Guayule,World,2011,NA,NA,NA
Guayule,World,2012,NA,NA,NA
Guayule,World,2013,NA,NA,NA
Gutta-percha,World,2010,NA,NA,NA
Gutta-percha,World,2011,NA,NA,NA
Gutta-percha,World,2012,NA,NA,NA
Gutta-percha,World,2013,NA,NA,NA
Hazelnuts,World,2010,0.017391304,0.013043478,0.02173913
Hazelnuts,World,2011,0.02173913,0.017391304,0.02173913
Hazelnuts,World,2012,0.02173913,0.013043478,0.02173913
Hazelnuts,World,2013,0.02173913,0.013043478,0.017391304
Hemp,World,2010,0.004347826,NA,NA
Hemp,World,2011,NA,NA,NA
Hemp,World,2012,NA,NA,NA
Hemp,World,2013,NA,NA,NA
Hops,World,2010,0.008695652,NA,0.017391304
Hops,World,2011,0.008695652,NA,0.017391304
Hops,World,2012,0.008695652,NA,0.013043478
Hops,World,2013,0.004347826,NA,0.013043478
Horseradish,World,2010,0.108695652,0.182608696,0.1
Horseradish,World,2011,0.1,0.169565217,0.104347826
Horseradish,World,2012,0.1,0.173913043,0.108695652
Horseradish,World,2013,0.1,0.17826087,0.12173913
Huckleberry,World,2010,0.004347826,0.004347826,0.004347826
Huckleberry,World,2011,0.004347826,0.004347826,0.004347826
Huckleberry,World,2012,0.004347826,0.004347826,0.008695652
Huckleberry,World,2013,0.004347826,0.004347826,0.004347826
Jack bean,World,2010,0.047826087,0.026086957,0.026086957
Jack bean,World,2011,0.052173913,0.026086957,0.026086957
Jack bean,World,2012,0.047826087,0.02173913,0.026086957
Jack bean,World,2013,0.052173913,0.026086957,0.026086957
Jackfruit,World,2010,0.026086957,0.030434783,0.008695652
Jackfruit,World,2011,0.026086957,0.026086957,0.008695652
Jackfruit,World,2012,0.026086957,0.026086957,0.008695652
Jackfruit,World,2013,0.026086957,0.030434783,0.008695652
Japanese millet,World,2010,0.173913043,0.152173913,0.1
Japanese millet,World,2011,0.173913043,0.152173913,0.113043478
Japanese millet,World,2012,0.17826087,0.156521739,0.1
Japanese millet,World,2013,0.169565217,0.152173913,0.104347826
Jelutong,World,2010,NA,NA,NA
Jelutong,World,2011,NA,NA,NA
Jelutong,World,2012,NA,NA,NA
Jelutong,World,2013,NA,NA,NA
Jerusalem artichoke,World,2010,0.034782609,0.091304348,0.052173913
Jerusalem artichoke,World,2011,0.043478261,0.095652174,0.052173913
Jerusalem artichoke,World,2012,0.039130435,0.095652174,0.052173913
Jerusalem artichoke,World,2013,0.043478261,0.095652174,0.047826087
Jicama,World,2010,0.047826087,0.02173913,0.02173913
Jicama,World,2011,0.043478261,0.026086957,0.026086957
Jicama,World,2012,0.039130435,0.02173913,0.026086957
Jicama,World,2013,0.047826087,0.026086957,0.026086957
Jojoba,World,2010,NA,NA,NA
Jojoba,World,2011,NA,NA,NA
Jojoba,World,2012,NA,NA,NA
Jojoba,World,2013,NA,NA,NA
Jujube,World,2010,0.082608696,0.086956522,0.039130435
Jujube,World,2011,0.082608696,0.086956522,0.026086957
Jujube,World,2012,0.086956522,0.091304348,0.030434783
Jujube,World,2013,0.095652174,0.095652174,0.026086957
Jute,World,2010,0.004347826,0.008695652,0.004347826
Jute,World,2011,0.004347826,0.008695652,0.008695652
Jute,World,2012,0.004347826,0.008695652,0.008695652
Jute,World,2013,0.004347826,0.008695652,0.004347826
Kaniwa,World,2010,0.013043478,0.017391304,0.013043478
Kaniwa,World,2011,0.008695652,0.017391304,0.008695652
Kaniwa,World,2012,0.008695652,0.013043478,0.013043478
Kaniwa,World,2013,0.008695652,0.017391304,0.013043478
Kapok,World,2010,NA,NA,NA
Kapok,World,2011,NA,NA,NA
Kapok,World,2012,NA,NA,NA
Kapok,World,2013,NA,NA,NA
Karite nuts,World,2010,NA,0.004347826,0.004347826
Karite nuts,World,2011,NA,0.004347826,NA
Karite nuts,World,2012,NA,0.004347826,NA
Karite nuts,World,2013,NA,0.008695652,0.004347826
Kenaf,World,2010,0.004347826,NA,NA
Kenaf,World,2011,0.004347826,NA,NA
Kenaf,World,2012,0.004347826,NA,NA
Kenaf,World,2013,0.004347826,NA,NA
Kiwi fruit,World,2010,0.008695652,0.026086957,0.02173913
Kiwi fruit,World,2011,0.008695652,0.026086957,0.026086957
Kiwi fruit,World,2012,0.013043478,0.026086957,0.02173913
Kiwi fruit,World,2013,0.013043478,0.026086957,0.02173913
Kiwicha,World,2010,0.013043478,0.017391304,0.013043478
Kiwicha,World,2011,0.008695652,0.013043478,0.008695652
Kiwicha,World,2012,0.008695652,0.013043478,0.013043478
Kiwicha,World,2013,0.008695652,0.013043478,0.013043478
Kodo millet,World,2010,0.169565217,0.147826087,0.095652174
Kodo millet,World,2011,0.169565217,0.147826087,0.108695652
Kodo millet,World,2012,0.173913043,0.152173913,0.095652174
Kodo millet,World,2013,0.160869565,0.147826087,0.104347826
Kola nuts,World,2010,0.017391304,0.004347826,0.004347826
Kola nuts,World,2011,0.017391304,0.004347826,0.008695652
Kola nuts,World,2012,0.017391304,0.004347826,0.008695652
Kola nuts,World,2013,0.017391304,0.004347826,0.004347826
Kumquat,World,2010,0.047826087,0.091304348,0.060869565
Kumquat,World,2011,0.047826087,0.091304348,0.039130435
Kumquat,World,2012,0.047826087,0.086956522,0.052173913
Kumquat,World,2013,0.052173913,0.095652174,0.065217391
Lablab,World,2010,0.034782609,0.02173913,0.02173913
Lablab,World,2011,0.039130435,0.026086957,0.026086957
Lablab,World,2012,0.039130435,0.02173913,0.02173913
Lablab,World,2013,0.047826087,0.02173913,0.026086957
Leeks and other alliaceous vegetables,World,2010,NA,0.026086957,0.052173913
Leeks and other alliaceous vegetables,World,2011,NA,0.026086957,0.043478261
Leeks and other alliaceous vegetables,World,2012,NA,0.026086957,0.043478261
Leeks and other alliaceous vegetables,World,2013,NA,0.017391304,0.043478261
Lemons and limes,World,2010,0.091304348,0.195652174,0.160869565
Lemons and limes,World,2011,0.104347826,0.195652174,0.160869565
Lemons and limes,World,2012,0.095652174,0.195652174,0.156521739
Lemons and limes,World,2013,0.095652174,0.195652174,0.152173913
Lentils,World,2010,0.039130435,0.017391304,0.030434783
Lentils,World,2011,0.043478261,0.02173913,0.030434783
Lentils,World,2012,0.039130435,0.02173913,0.034782609
Lentils,World,2013,0.034782609,0.02173913,0.034782609
Lettuce,World,2010,0.091304348,0.160869565,0.195652174
Lettuce,World,2011,0.1,0.152173913,0.191304348
Lettuce,World,2012,0.095652174,0.156521739,0.186956522
Lettuce,World,2013,0.095652174,0.173913043,0.182608696
Lima bean,World,2010,0.443478261,0.382608696,0.382608696
Lima bean,World,2011,0.434782609,0.37826087,0.37826087
Lima bean,World,2012,0.430434783,0.37826087,0.360869565
Lima bean,World,2013,0.426086957,0.369565217,0.37826087
Litchi,World,2010,0.07826087,0.086956522,0.034782609
Litchi,World,2011,0.073913043,0.086956522,0.026086957
Litchi,World,2012,0.082608696,0.091304348,0.030434783
Litchi,World,2013,0.086956522,0.091304348,0.026086957
Little millet,World,2010,0.165217391,0.139130435,0.095652174
Little millet,World,2011,0.160869565,0.143478261,0.108695652
Little millet,World,2012,0.165217391,0.152173913,0.095652174
Little millet,World,2013,0.160869565,0.147826087,0.1
Longan,World,2010,0.026086957,0.030434783,0.008695652
Longan,World,2011,0.026086957,0.026086957,0.008695652
Longan,World,2012,0.026086957,0.026086957,0.008695652
Longan,World,2013,0.026086957,0.030434783,0.008695652
Loquat,World,2010,0.07826087,0.086956522,0.030434783
Loquat,World,2011,0.069565217,0.086956522,0.026086957
Loquat,World,2012,0.07826087,0.091304348,0.030434783
Loquat,World,2013,0.07826087,0.086956522,0.026086957
Lupins,World,2010,0.013043478,0.013043478,0.008695652
Lupins,World,2011,0.013043478,0.004347826,0.004347826
Lupins,World,2012,0.013043478,0.004347826,0.004347826
Lupins,World,2013,0.008695652,0.008695652,NA
Maca,World,2010,0.034782609,0.091304348,0.052173913
Maca,World,2011,0.034782609,0.095652174,0.052173913
Maca,World,2012,0.039130435,0.095652174,0.052173913
Maca,World,2013,0.039130435,0.095652174,0.047826087
Macadamia nut,World,2010,0.008695652,0.004347826,0.008695652
Macadamia nut,World,2011,0.008695652,0.004347826,0.008695652
Macadamia nut,World,2012,0.008695652,0.004347826,0.004347826
Macadamia nut,World,2013,0.008695652,0.004347826,0.004347826
Mahuwa,World,2010,0.004347826,NA,0.004347826
Mahuwa,World,2011,NA,NA,0.004347826
Mahuwa,World,2012,NA,NA,0.004347826
Mahuwa,World,2013,NA,NA,0.004347826
Maize,World,2010,0.647826087,0.626086957,0.495652174
Maize,World,2011,0.639130435,0.630434783,0.504347826
Maize,World,2012,0.656521739,0.639130435,0.504347826
Maize,World,2013,0.643478261,0.626086957,0.513043478
Mamey sapote,World,2010,0.026086957,0.026086957,0.008695652
Mamey sapote,World,2011,0.026086957,0.026086957,0.008695652
Mamey sapote,World,2012,0.026086957,0.02173913,0.008695652
Mamey sapote,World,2013,0.026086957,0.02173913,0.008695652
Mammee,World,2010,0.026086957,0.02173913,0.008695652
Mammee,World,2011,0.026086957,0.02173913,0.008695652
Mammee,World,2012,0.026086957,0.02173913,0.008695652
Mammee,World,2013,0.026086957,0.02173913,0.008695652
Mandarines,World,2010,0.260869565,0.404347826,0.304347826
Mandarines,World,2011,0.256521739,0.404347826,0.295652174
Mandarines,World,2012,0.247826087,0.4,0.291304348
Mandarines,World,2013,0.239130435,0.417391304,0.304347826
Mango,World,2010,0.152173913,0.247826087,0.165217391
Mango,World,2011,0.160869565,0.243478261,0.186956522
Mango,World,2012,0.160869565,0.247826087,0.173913043
Mango,World,2013,0.173913043,0.252173913,0.182608696
Mangosteen,World,2010,0.143478261,0.247826087,0.156521739
Mangosteen,World,2011,0.152173913,0.234782609,0.173913043
Mangosteen,World,2012,0.152173913,0.239130435,0.165217391
Mangosteen,World,2013,0.156521739,0.243478261,0.169565217
Maple sugar,World,2010,NA,0.008695652,NA
Maple sugar,World,2011,NA,0.008695652,NA
Maple sugar,World,2012,NA,0.008695652,NA
Maple sugar,World,2013,NA,0.008695652,NA
Marjoram,World,2010,0.104347826,0.17826087,0.095652174
Marjoram,World,2011,0.1,0.165217391,0.104347826
Marjoram,World,2012,0.1,0.165217391,0.1
Marjoram,World,2013,0.1,0.173913043,0.108695652
Mashua,World,2010,0.026086957,0.086956522,0.047826087
Mashua,World,2011,0.030434783,0.091304348,0.047826087
Mashua,World,2012,0.030434783,0.091304348,0.047826087
Mashua,World,2013,0.030434783,0.091304348,0.043478261
Mat bean,World,2010,0.434782609,0.352173913,0.37826087
Mat bean,World,2011,0.417391304,0.365217391,0.37826087
Mat bean,World,2012,0.413043478,0.365217391,0.360869565
Mat bean,World,2013,0.408695652,0.365217391,0.373913043
Mate,World,2010,NA,0.004347826,NA
Mate,World,2011,NA,0.004347826,NA
Mate,World,2012,NA,0.004347826,0.004347826
Mate,World,2013,NA,NA,0.004347826
Mauka,World,2010,0.02173913,0.086956522,0.047826087
Mauka,World,2011,0.026086957,0.091304348,0.047826087
Mauka,World,2012,0.030434783,0.091304348,0.047826087
Mauka,World,2013,0.030434783,0.091304348,0.043478261
Medlar,World,2010,0.07826087,0.086956522,0.030434783
Medlar,World,2011,0.069565217,0.082608696,0.026086957
Medlar,World,2012,0.07826087,0.086956522,0.026086957
Medlar,World,2013,0.073913043,0.086956522,0.026086957
Melons,World,2010,0.108695652,0.208695652,0.147826087
Melons,World,2011,0.104347826,0.213043478,0.152173913
Melons,World,2012,0.108695652,0.217391304,0.143478261
Melons,World,2013,0.108695652,0.208695652,0.139130435
Mombin,World,2010,0.026086957,0.02173913,0.008695652
Mombin,World,2011,0.026086957,0.02173913,0.008695652
Mombin,World,2012,0.026086957,0.02173913,0.008695652
Mombin,World,2013,0.026086957,0.02173913,0.008695652
Mulberry,World,2010,0.004347826,0.004347826,NA
Mulberry,World,2011,0.004347826,0.004347826,0.004347826
Mulberry,World,2012,0.004347826,0.004347826,0.008695652
Mulberry,World,2013,0.004347826,0.004347826,0.004347826
Mung bean,World,2010,0.417391304,0.334782609,0.373913043
Mung bean,World,2011,0.395652174,0.352173913,0.373913043
Mung bean,World,2012,0.404347826,0.343478261,0.352173913
Mung bean,World,2013,0.408695652,0.343478261,0.369565217
Myrtle,World,2010,0.004347826,0.004347826,NA
Myrtle,World,2011,0.004347826,0.004347826,0.004347826
Myrtle,World,2012,0.004347826,0.004347826,0.004347826
Myrtle,World,2013,0.004347826,0.004347826,0.004347826
Naranjilla,World,2010,0.026086957,0.02173913,0.008695652
Naranjilla,World,2011,0.026086957,0.017391304,0.008695652
Naranjilla,World,2012,0.026086957,0.02173913,0.008695652
Naranjilla,World,2013,0.026086957,0.02173913,0.008695652
New Zealand flax,World,2010,NA,NA,NA
New Zealand flax,World,2011,NA,NA,NA
New Zealand flax,World,2012,NA,NA,NA
New Zealand flax,World,2013,NA,NA,NA
New Zealand Spinach,World,2010,0.034782609,0.056521739,0.056521739
New Zealand Spinach,World,2011,0.043478261,0.052173913,0.060869565
New Zealand Spinach,World,2012,0.043478261,0.056521739,0.073913043
New Zealand Spinach,World,2013,0.047826087,0.060869565,0.069565217
Noog,World,2010,NA,NA,0.004347826
Noog,World,2011,NA,NA,0.004347826
Noog,World,2012,NA,NA,NA
Noog,World,2013,NA,NA,0.004347826
Nutmeg,World,2010,0.026086957,0.004347826,0.017391304
Nutmeg,World,2011,0.030434783,0.004347826,0.02173913
Nutmeg,World,2012,0.026086957,0.004347826,0.02173913
Nutmeg,World,2013,0.030434783,0.004347826,0.017391304
Oats,World,2010,0.160869565,0.160869565,0.108695652
Oats,World,2011,0.139130435,0.156521739,0.117391304
Oats,World,2012,0.130434783,0.165217391,0.108695652
Oats,World,2013,0.134782609,0.160869565,0.117391304
Oca,World,2010,0.02173913,0.082608696,0.047826087
Oca,World,2011,0.02173913,0.086956522,0.047826087
Oca,World,2012,0.02173913,0.086956522,0.047826087
Oca,World,2013,0.02173913,0.086956522,0.043478261
Oil palm,World,2010,0.113043478,0.169565217,0.1
Oil palm,World,2011,0.113043478,0.169565217,0.113043478
Oil palm,World,2012,0.113043478,0.169565217,0.108695652
Oil palm,World,2013,0.113043478,0.169565217,0.113043478
Oiticica,World,2010,NA,NA,0.004347826
Oiticica,World,2011,NA,NA,NA
Oiticica,World,2012,NA,NA,NA
Oiticica,World,2013,NA,NA,NA
Okra,World,2010,0.043478261,0.056521739,0.073913043
Okra,World,2011,0.047826087,0.065217391,0.086956522
Okra,World,2012,0.052173913,0.069565217,0.086956522
Okra,World,2013,0.047826087,0.065217391,0.073913043
Olives,World,2010,0.091304348,0.082608696,0.086956522
Olives,World,2011,0.091304348,0.07826087,0.086956522
Olives,World,2012,0.082608696,0.082608696,0.086956522
Olives,World,2013,0.091304348,0.082608696,0.086956522
Onions,World,2010,0.173913043,0.473913043,0.42173913
Onions,World,2011,0.173913043,0.469565217,0.404347826
Onions,World,2012,0.182608696,0.47826087,0.391304348
Onions,World,2013,0.182608696,0.456521739,0.391304348
Orache,World,2010,0.034782609,0.056521739,0.056521739
Orache,World,2011,0.043478261,0.047826087,0.060869565
Orache,World,2012,0.039130435,0.056521739,0.073913043
Orache,World,2013,0.043478261,0.060869565,0.069565217
Oranges,World,2010,0.247826087,0.391304348,0.3
Oranges,World,2011,0.252173913,0.4,0.291304348
Oranges,World,2012,0.239130435,0.395652174,0.291304348
Oranges,World,2013,0.239130435,0.408695652,0.295652174
Papayas,World,2010,0.026086957,0.086956522,0.069565217
Papayas,World,2011,0.034782609,0.095652174,0.056521739
Papayas,World,2012,0.034782609,0.1,0.069565217
Papayas,World,2013,0.030434783,0.108695652,0.086956522
Parsley,World,2010,0.095652174,0.173913043,0.095652174
Parsley,World,2011,0.1,0.156521739,0.1
Parsley,World,2012,0.1,0.165217391,0.095652174
Parsley,World,2013,0.1,0.169565217,0.095652174
Parsnip,World,2010,0.095652174,0.173913043,0.086956522
Parsnip,World,2011,0.1,0.156521739,0.086956522
Parsnip,World,2012,0.095652174,0.165217391,0.091304348
Parsnip,World,2013,0.095652174,0.165217391,0.095652174
Passionfruit,World,2010,0.026086957,0.02173913,0.008695652
Passionfruit,World,2011,0.026086957,0.017391304,0.008695652
Passionfruit,World,2012,0.026086957,0.02173913,0.008695652
Passionfruit,World,2013,0.026086957,0.02173913,0.008695652
Pawpaw,World,2010,0.073913043,0.086956522,0.030434783
Pawpaw,World,2011,0.065217391,0.07826087,0.026086957
Pawpaw,World,2012,0.069565217,0.086956522,0.026086957
Pawpaw,World,2013,0.069565217,0.086956522,0.026086957
Peaches and nectarines,World,2010,0.073913043,0.126086957,0.186956522
Peaches and nectarines,World,2011,0.07826087,0.134782609,0.17826087
Peaches and nectarines,World,2012,0.065217391,0.147826087,0.160869565
Peaches and nectarines,World,2013,0.060869565,0.134782609,0.165217391
Pearl millet,World,2010,0.160869565,0.134782609,0.091304348
Pearl millet,World,2011,0.160869565,0.139130435,0.1
Pearl millet,World,2012,0.152173913,0.147826087,0.091304348
Pearl millet,World,2013,0.160869565,0.147826087,0.091304348
Pears,World,2010,0.065217391,0.12173913,0.156521739
Pears,World,2011,0.060869565,0.126086957,0.147826087
Pears,World,2012,0.060869565,0.130434783,0.152173913
Pears,World,2013,0.060869565,0.139130435,0.156521739
Peas,World,2010,0.139130435,0.147826087,0.191304348
Peas,World,2011,0.130434783,0.143478261,0.182608696
Peas,World,2012,0.130434783,0.113043478,0.147826087
Peas,World,2013,0.117391304,0.117391304,0.143478261
Pecan,World,2010,0.008695652,0.004347826,0.008695652
Pecan,World,2011,0.008695652,0.004347826,0.008695652
Pecan,World,2012,0.008695652,0.004347826,0.004347826
Pecan,World,2013,0.008695652,0.004347826,0.004347826
Pepper,World,2010,0.017391304,0.004347826,0.02173913
Pepper,World,2011,0.017391304,0.004347826,0.02173913
Pepper,World,2012,0.013043478,0.004347826,0.02173913
Pepper,World,2013,0.017391304,0.004347826,0.026086957
Peppermint,World,2010,NA,NA,NA
Peppermint,World,2011,NA,NA,NA
Peppermint,World,2012,NA,0.004347826,NA
Peppermint,World,2013,NA,NA,NA
Perilla,World,2010,NA,NA,0.004347826
Perilla,World,2011,NA,NA,NA
Perilla,World,2012,NA,NA,NA
Perilla,World,2013,NA,NA,NA
Persimmons,World,2010,0.030434783,0.02173913,0.017391304
Persimmons,World,2011,0.030434783,0.02173913,0.017391304
Persimmons,World,2012,0.030434783,0.026086957,0.02173913
Persimmons,World,2013,0.030434783,0.026086957,0.02173913
Physic nut,World,2010,NA,NA,0.004347826
Physic nut,World,2011,NA,NA,NA
Physic nut,World,2012,NA,NA,NA
Physic nut,World,2013,NA,NA,NA
Pigeonpeas,World,2010,0.052173913,0.034782609,0.034782609
Pigeonpeas,World,2011,0.052173913,0.034782609,0.030434783
Pigeonpeas,World,2012,0.047826087,0.034782609,0.034782609
Pigeonpeas,World,2013,0.052173913,0.039130435,0.034782609
Pili nut,World,2010,0.008695652,0.004347826,0.008695652
Pili nut,World,2011,0.008695652,0.004347826,0.008695652
Pili nut,World,2012,0.008695652,0.004347826,0.004347826
Pili nut,World,2013,0.008695652,0.004347826,0.004347826
Pine nut,World,2010,0.008695652,0.004347826,0.008695652
Pine nut,World,2011,0.008695652,0.004347826,0.008695652
Pine nut,World,2012,0.008695652,0.004347826,0.004347826
Pine nut,World,2013,0.008695652,0.004347826,0.004347826
Pineapples,World,2010,0.07826087,0.204347826,0.160869565
Pineapples,World,2011,0.07826087,0.195652174,0.156521739
Pineapples,World,2012,0.073913043,0.195652174,0.139130435
Pineapples,World,2013,0.082608696,0.186956522,0.139130435
Pistachios,World,2010,0.008695652,0.008695652,0.02173913
Pistachios,World,2011,0.013043478,0.008695652,0.026086957
Pistachios,World,2012,0.013043478,0.008695652,0.026086957
Pistachios,World,2013,0.013043478,0.008695652,0.026086957
Plantains,World,2010,0.165217391,0.204347826,0.126086957
Plantains,World,2011,0.165217391,0.195652174,0.117391304
Plantains,World,2012,0.165217391,0.195652174,0.12173913
Plantains,World,2013,0.160869565,0.204347826,0.130434783
Plums,World,2010,0.07826087,0.1,0.143478261
Plums,World,2011,0.069565217,0.104347826,0.130434783
Plums,World,2012,0.082608696,0.108695652,0.130434783
Plums,World,2013,0.07826087,0.104347826,0.130434783
Pomegranate,World,2010,0.065217391,0.07826087,0.02173913
Pomegranate,World,2011,0.065217391,0.069565217,0.02173913
Pomegranate,World,2012,0.065217391,0.07826087,0.026086957
Pomegranate,World,2013,0.069565217,0.07826087,0.026086957
Pongamia oil,World,2010,NA,NA,0.004347826
Pongamia oil,World,2011,NA,NA,NA
Pongamia oil,World,2012,NA,NA,NA
Pongamia oil,World,2013,NA,NA,NA
Poppies,World,2010,0.004347826,NA,0.008695652
Poppies,World,2011,NA,NA,0.008695652
Poppies,World,2012,NA,NA,0.008695652
Poppies,World,2013,NA,NA,0.013043478
Potatoes,World,2010,0.339130435,0.556521739,0.465217391
Potatoes,World,2011,0.343478261,0.565217391,0.465217391
Potatoes,World,2012,0.356521739,0.560869565,0.465217391
Potatoes,World,2013,0.330434783,0.556521739,0.456521739
Prickly pear,World,2010,0.065217391,0.073913043,0.02173913
Prickly pear,World,2011,0.065217391,0.065217391,0.02173913
Prickly pear,World,2012,0.065217391,0.065217391,0.026086957
Prickly pear,World,2013,0.069565217,0.065217391,0.026086957
Proso millet,World,2010,0.160869565,0.130434783,0.091304348
Proso millet,World,2011,0.160869565,0.139130435,0.1
Proso millet,World,2012,0.147826087,0.143478261,0.086956522
Proso millet,World,2013,0.152173913,0.143478261,0.091304348
Pumpkin,World,2010,0.104347826,0.265217391,0.208695652
Pumpkin,World,2011,0.104347826,0.269565217,0.195652174
Pumpkin,World,2012,0.104347826,0.265217391,0.2
Pumpkin,World,2013,0.104347826,0.282608696,0.217391304
Purging croton,World,2010,NA,NA,0.004347826
Purging croton,World,2011,NA,NA,NA
Purging croton,World,2012,NA,NA,NA
Purging croton,World,2013,NA,NA,NA
Pyrethrum,World,2010,NA,NA,NA
Pyrethrum,World,2011,NA,NA,NA
Pyrethrum,World,2012,NA,NA,NA
Pyrethrum,World,2013,NA,NA,NA
Quinces,World,2010,NA,0.008695652,0.008695652
Quinces,World,2011,NA,0.008695652,0.004347826
Quinces,World,2012,NA,0.008695652,0.008695652
Quinces,World,2013,NA,0.013043478,0.013043478
Quinoa,World,2010,0.008695652,NA,0.008695652
Quinoa,World,2011,0.008695652,NA,0.008695652
Quinoa,World,2012,0.008695652,NA,0.008695652
Quinoa,World,2013,0.008695652,NA,0.008695652
Radish,World,2010,0.095652174,0.173913043,0.07826087
Radish,World,2011,0.095652174,0.156521739,0.086956522
Radish,World,2012,0.091304348,0.165217391,0.082608696
Radish,World,2013,0.095652174,0.160869565,0.086956522
Rambutan,World,2010,0.02173913,0.02173913,0.008695652
Rambutan,World,2011,0.026086957,0.017391304,0.008695652
Rambutan,World,2012,0.026086957,0.017391304,0.008695652
Rambutan,World,2013,0.026086957,0.02173913,0.008695652
Ramie,World,2010,NA,NA,NA
Ramie,World,2011,NA,NA,NA
Ramie,World,2012,NA,NA,NA
Ramie,World,2013,NA,NA,NA
Rapeseed and Mustards,World,2010,0.160869565,0.152173913,0.165217391
Rapeseed and Mustards,World,2011,0.160869565,0.165217391,0.165217391
Rapeseed and Mustards,World,2012,0.160869565,0.165217391,0.160869565
Rapeseed and Mustards,World,2013,0.156521739,0.165217391,0.156521739
Raspberries,World,2010,0.004347826,NA,0.034782609
Raspberries,World,2011,NA,0.008695652,0.030434783
Raspberries,World,2012,0.004347826,0.008695652,0.039130435
Raspberries,World,2013,0.004347826,0.008695652,0.047826087
Rhubarb,World,2010,0.091304348,0.160869565,0.07826087
Rhubarb,World,2011,0.091304348,0.147826087,0.086956522
Rhubarb,World,2012,0.086956522,0.156521739,0.07826087
Rhubarb,World,2013,0.086956522,0.156521739,0.07826087
Rice (African),World,2010,0.77826087,0.382608696,0.330434783
Rice (African),World,2011,0.786956522,0.391304348,0.334782609
Rice (African),World,2012,0.791304348,0.386956522,0.330434783
Rice (African),World,2013,0.782608696,0.395652174,0.334782609
Rice (Asian),World,2010,0.769565217,0.37826087,0.317391304
Rice (Asian),World,2011,0.773913043,0.382608696,0.330434783
Rice (Asian),World,2012,0.782608696,0.382608696,0.32173913
Rice (Asian),World,2013,0.77826087,0.37826087,0.334782609
Rice bean,World,2010,0.4,0.317391304,0.373913043
Rice bean,World,2011,0.382608696,0.326086957,0.373913043
Rice bean,World,2012,0.391304348,0.330434783,0.352173913
Rice bean,World,2013,0.391304348,0.308695652,0.360869565
Roselle,World,2010,0.004347826,NA,NA
Roselle,World,2011,0.004347826,NA,NA
Roselle,World,2012,0.004347826,NA,NA
Roselle,World,2013,0.004347826,NA,NA
"Rubber, natural",World,2010,0.069565217,0.043478261,0.047826087
"Rubber, natural",World,2011,0.069565217,0.043478261,0.056521739
"Rubber, natural",World,2012,0.069565217,0.039130435,0.056521739
"Rubber, natural",World,2013,0.073913043,0.039130435,0.060869565
Runner bean,World,2010,0.360869565,0.295652174,0.369565217
Runner bean,World,2011,0.356521739,0.286956522,0.369565217
Runner bean,World,2012,0.360869565,0.295652174,0.339130435
Runner bean,World,2013,0.37826087,0.286956522,0.360869565
Rye,World,2010,0.073913043,0.091304348,0.065217391
Rye,World,2011,0.069565217,0.091304348,0.069565217
Rye,World,2012,0.069565217,0.095652174,0.069565217
Rye,World,2013,0.07826087,0.07826087,0.056521739
Safflower,World,2010,0.008695652,0.004347826,NA
Safflower,World,2011,0.004347826,NA,NA
Safflower,World,2012,0.008695652,0.004347826,0.008695652
Safflower,World,2013,0.004347826,0.004347826,0.004347826
Saffron,World,2010,0.004347826,NA,0.013043478
Saffron,World,2011,0.004347826,NA,0.004347826
Saffron,World,2012,NA,NA,NA
Saffron,World,2013,0.004347826,NA,0.008695652
Sago palm,World,2010,0.017391304,0.082608696,0.047826087
Sago palm,World,2011,0.02173913,0.086956522,0.047826087
Sago palm,World,2012,0.02173913,0.086956522,0.047826087
Sago palm,World,2013,0.02173913,0.086956522,0.043478261
Salsify,World,2010,0.086956522,0.156521739,0.073913043
Salsify,World,2011,0.091304348,0.147826087,0.07826087
Salsify,World,2012,0.082608696,0.152173913,0.073913043
Salsify,World,2013,0.082608696,0.152173913,0.073913043
Sapodilla,World,2010,0.02173913,0.02173913,0.008695652
Sapodilla,World,2011,0.026086957,0.017391304,0.008695652
Sapodilla,World,2012,0.026086957,0.017391304,0.008695652
Sapodilla,World,2013,0.026086957,0.02173913,0.008695652
Savory,World,2010,0.07826087,0.143478261,0.060869565
Savory,World,2011,0.086956522,0.143478261,0.073913043
Savory,World,2012,0.082608696,0.152173913,0.073913043
Savory,World,2013,0.082608696,0.147826087,0.073913043
Service tree,World,2010,0.056521739,0.065217391,0.02173913
Service tree,World,2011,0.056521739,0.060869565,0.02173913
Service tree,World,2012,0.060869565,0.060869565,0.026086957
Service tree,World,2013,0.060869565,0.060869565,0.026086957
Sesame,World,2010,0.07826087,0.043478261,0.056521739
Sesame,World,2011,0.082608696,0.056521739,0.056521739
Sesame,World,2012,0.086956522,0.060869565,0.056521739
Sesame,World,2013,0.073913043,0.060869565,0.047826087
Shala tree,World,2010,NA,NA,NA
Shala tree,World,2011,NA,NA,NA
Shala tree,World,2012,NA,NA,NA
Shala tree,World,2013,NA,NA,NA
Sisal,World,2010,0.004347826,NA,0.004347826
Sisal,World,2011,NA,NA,0.004347826
Sisal,World,2012,NA,NA,0.004347826
Sisal,World,2013,NA,NA,0.004347826
Snake plant,World,2010,NA,NA,NA
Snake plant,World,2011,NA,NA,NA
Snake plant,World,2012,NA,NA,NA
Snake plant,World,2013,NA,NA,NA
Sorghum,World,2010,0.230434783,0.217391304,0.156521739
Sorghum,World,2011,0.217391304,0.22173913,0.160869565
Sorghum,World,2012,0.239130435,0.22173913,0.152173913
Sorghum,World,2013,0.239130435,0.22173913,0.152173913
Sorrel,World,2010,0.073913043,0.143478261,0.056521739
Sorrel,World,2011,0.082608696,0.126086957,0.073913043
Sorrel,World,2012,0.07826087,0.143478261,0.065217391
Sorrel,World,2013,0.082608696,0.139130435,0.073913043
Soursop,World,2010,0.02173913,0.02173913,0.008695652
Soursop,World,2011,0.02173913,0.017391304,0.008695652
Soursop,World,2012,0.026086957,0.017391304,0.008695652
Soursop,World,2013,0.026086957,0.02173913,0.008695652
Soybeans,World,2010,0.156521739,0.147826087,0.147826087
Soybeans,World,2011,0.169565217,0.147826087,0.139130435
Soybeans,World,2012,0.147826087,0.139130435,0.152173913
Soybeans,World,2013,0.152173913,0.126086957,0.143478261
Spinach,World,2010,0.034782609,0.056521739,0.052173913
Spinach,World,2011,0.039130435,0.047826087,0.056521739
Spinach,World,2012,0.039130435,0.052173913,0.069565217
Spinach,World,2013,0.043478261,0.056521739,0.069565217
Strawberries,World,2010,0.004347826,0.043478261,0.169565217
Strawberries,World,2011,0.004347826,0.039130435,0.17826087
Strawberries,World,2012,0.004347826,0.047826087,0.191304348
Strawberries,World,2013,0.004347826,0.043478261,0.191304348
Strawberry tree,World,2010,0.052173913,0.056521739,0.02173913
Strawberry tree,World,2011,0.052173913,0.060869565,0.02173913
Strawberry tree,World,2012,0.060869565,0.060869565,0.026086957
Strawberry tree,World,2013,0.060869565,0.060869565,0.026086957
Sugar apple,World,2010,0.02173913,0.017391304,0.008695652
Sugar apple,World,2011,0.02173913,0.013043478,0.008695652
Sugar apple,World,2012,0.026086957,0.013043478,0.008695652
Sugar apple,World,2013,0.026086957,0.017391304,0.008695652
Sugar beets,World,2010,0.1,0.182608696,0.143478261
Sugar beets,World,2011,0.117391304,0.186956522,0.143478261
Sugar beets,World,2012,0.095652174,0.186956522,0.143478261
Sugar beets,World,2013,0.082608696,0.17826087,0.134782609
Sugarcane,World,2010,0.234782609,0.4,0.217391304
Sugarcane,World,2011,0.239130435,0.4,0.217391304
Sugarcane,World,2012,0.243478261,0.395652174,0.208695652
Sugarcane,World,2013,0.252173913,0.4,0.208695652
Sunflowers,World,2010,0.152173913,0.143478261,0.117391304
Sunflowers,World,2011,0.152173913,0.143478261,0.134782609
Sunflowers,World,2012,0.147826087,0.139130435,0.126086957
Sunflowers,World,2013,0.147826087,0.134782609,0.12173913
Sunn hemp,World,2010,0.004347826,NA,NA
Sunn hemp,World,2011,0.004347826,NA,NA
Sunn hemp,World,2012,0.004347826,NA,NA
Sunn hemp,World,2013,0.004347826,NA,NA
Sweetpotatoes,World,2010,0.226086957,0.304347826,0.173913043
Sweetpotatoes,World,2011,0.22173913,0.291304348,0.17826087
Sweetpotatoes,World,2012,0.226086957,0.295652174,0.17826087
Sweetpotatoes,World,2013,0.22173913,0.3,0.17826087
Sword bean,World,2010,0.034782609,0.017391304,0.02173913
Sword bean,World,2011,0.039130435,0.017391304,0.02173913
Sword bean,World,2012,0.034782609,0.017391304,0.02173913
Sword bean,World,2013,0.039130435,0.013043478,0.026086957
Tallowtree,World,2010,NA,NA,NA
Tallowtree,World,2011,NA,NA,NA
Tallowtree,World,2012,NA,NA,NA
Tallowtree,World,2013,NA,NA,NA
Tamarind,World,2010,0.052173913,0.052173913,0.017391304
Tamarind,World,2011,0.047826087,0.056521739,0.02173913
Tamarind,World,2012,0.052173913,0.056521739,0.026086957
Tamarind,World,2013,0.052173913,0.056521739,0.026086957
Taro,World,2010,0.104347826,0.139130435,0.060869565
Taro,World,2011,0.1,0.134782609,0.060869565
Taro,World,2012,0.095652174,0.134782609,0.065217391
Taro,World,2013,0.095652174,0.134782609,0.065217391
Tarragon,World,2010,0.073913043,0.134782609,0.052173913
Tarragon,World,2011,0.082608696,0.117391304,0.056521739
Tarragon,World,2012,0.07826087,0.134782609,0.060869565
Tarragon,World,2013,0.082608696,0.130434783,0.060869565
Tea,World,2010,0.052173913,0.026086957,0.034782609
Tea,World,2011,0.043478261,0.02173913,0.034782609
Tea,World,2012,0.052173913,0.02173913,0.030434783
Tea,World,2013,0.052173913,0.013043478,0.030434783
Teff,World,2010,0.152173913,0.130434783,0.086956522
Teff,World,2011,0.156521739,0.134782609,0.095652174
Teff,World,2012,0.139130435,0.143478261,0.082608696
Teff,World,2013,0.143478261,0.139130435,0.091304348
Tepary bean,World,2010,0.347826087,0.27826087,0.356521739
Tepary bean,World,2011,0.339130435,0.273913043,0.365217391
Tepary bean,World,2012,0.352173913,0.27826087,0.334782609
Tepary bean,World,2013,0.352173913,0.27826087,0.339130435
Thyme,World,2010,0.004347826,NA,0.008695652
Thyme,World,2011,0.004347826,NA,NA
Thyme,World,2012,NA,NA,NA
Thyme,World,2013,0.004347826,NA,0.008695652
Tobacco,World,2010,0.07826087,0.030434783,0.156521739
Tobacco,World,2011,0.073913043,0.043478261,0.160869565
Tobacco,World,2012,0.069565217,0.043478261,0.160869565
Tobacco,World,2013,0.069565217,0.030434783,0.152173913
Tomatoes,World,2010,0.239130435,0.539130435,0.495652174
Tomatoes,World,2011,0.239130435,0.534782609,0.482608696
Tomatoes,World,2012,0.247826087,0.52173913,0.486956522
Tomatoes,World,2013,0.239130435,0.534782609,0.491304348
Triticale,World,2010,0.073913043,0.091304348,0.07826087
Triticale,World,2011,0.065217391,0.1,0.082608696
Triticale,World,2012,0.060869565,0.108695652,0.073913043
Triticale,World,2013,0.073913043,0.091304348,0.056521739
Tung nuts,World,2010,NA,NA,NA
Tung nuts,World,2011,NA,NA,NA
Tung nuts,World,2012,NA,NA,NA
Tung nuts,World,2013,NA,NA,NA
Turmeric,World,2010,0.004347826,NA,0.008695652
Turmeric,World,2011,0.004347826,NA,NA
Turmeric,World,2012,NA,NA,NA
Turmeric,World,2013,0.004347826,NA,0.004347826
Turnips,World,2010,0.065217391,0.295652174,0.269565217
Turnips,World,2011,0.069565217,0.304347826,0.260869565
Turnips,World,2012,0.069565217,0.3,0.260869565
Turnips,World,2013,0.073913043,0.308695652,0.273913043
Ulluco,World,2010,0.017391304,0.073913043,0.047826087
Ulluco,World,2011,0.02173913,0.082608696,0.047826087
Ulluco,World,2012,0.02173913,0.082608696,0.043478261
Ulluco,World,2013,0.02173913,0.07826087,0.039130435
Vanilla,World,2010,0.017391304,NA,NA
Vanilla,World,2011,0.017391304,NA,NA
Vanilla,World,2012,0.017391304,NA,NA
Vanilla,World,2013,0.017391304,NA,NA
Velvet bean,World,2010,0.034782609,0.017391304,0.02173913
Velvet bean,World,2011,0.034782609,0.013043478,0.02173913
Velvet bean,World,2012,0.030434783,0.013043478,0.02173913
Velvet bean,World,2013,0.034782609,0.013043478,0.026086957
Velvet leaf,World,2010,0.004347826,NA,NA
Velvet leaf,World,2011,0.004347826,NA,NA
Velvet leaf,World,2012,0.004347826,NA,NA
Velvet leaf,World,2013,0.004347826,NA,NA
Vetch,World,2010,0.030434783,0.013043478,0.013043478
Vetch,World,2011,0.030434783,0.013043478,0.013043478
Vetch,World,2012,0.034782609,0.013043478,0.013043478
Vetch,World,2013,0.026086957,0.013043478,0.017391304
Walnuts,World,2010,0.02173913,0.013043478,0.091304348
Walnuts,World,2011,0.030434783,0.008695652,0.091304348
Walnuts,World,2012,0.034782609,0.013043478,0.082608696
Walnuts,World,2013,0.02173913,0.013043478,0.091304348
Watercress,World,2010,0.069565217,0.117391304,0.043478261
Watercress,World,2011,0.07826087,0.113043478,0.047826087
Watercress,World,2012,0.073913043,0.12173913,0.056521739
Watercress,World,2013,0.07826087,0.12173913,0.056521739
Watermelons,World,2010,0.130434783,0.330434783,0.234782609
Watermelons,World,2011,0.143478261,0.330434783,0.230434783
Watermelons,World,2012,0.143478261,0.32173913,0.239130435
Watermelons,World,2013,0.143478261,0.339130435,0.239130435
Wheat,World,2010,0.404347826,0.404347826,0.37826087
Wheat,World,2011,0.413043478,0.417391304,0.382608696
Wheat,World,2012,0.391304348,0.417391304,0.37826087
Wheat,World,2013,0.391304348,0.417391304,0.365217391
Wildrice,World,2010,0.013043478,0.017391304,0.013043478
Wildrice,World,2011,0.008695652,0.008695652,0.008695652
Wildrice,World,2012,0.008695652,0.013043478,0.013043478
Wildrice,World,2013,0.008695652,0.013043478,0.013043478
Winged bean,World,2010,0.030434783,0.013043478,0.02173913
Winged bean,World,2011,0.034782609,0.013043478,0.02173913
Winged bean,World,2012,0.026086957,0.013043478,0.02173913
Winged bean,World,2013,0.034782609,0.013043478,0.02173913
Yams,World,2010,0.130434783,0.191304348,0.104347826
Yams,World,2011,0.126086957,0.186956522,0.108695652
Yams,World,2012,0.139130435,0.182608696,0.117391304
Yams,World,2013,0.143478261,0.17826087,0.113043478
"Yautia, cocoyam",World,2010,0.017391304,0.017391304,0.02173913
"Yautia, cocoyam",World,2011,0.013043478,0.017391304,0.02173913
"Yautia, cocoyam",World,2012,0.017391304,0.02173913,0.026086957
"Yautia, cocoyam",World,2013,0.017391304,0.02173913,0.02173913
Year bean,World,2010,0.326086957,0.252173913,0.339130435
Year bean,World,2011,0.334782609,0.252173913,0.356521739
Year bean,World,2012,0.334782609,0.252173913,0.330434783
Year bean,World,2013,0.334782609,0.256521739,0.339130435
Zucchini,World,2010,0.104347826,0.252173913,0.204347826
Zucchini,World,2011,0.104347826,0.265217391,0.195652174
Zucchini,World,2012,0.1,0.265217391,0.191304348
Zucchini,World,2013,0.095652174,0.269565217,0.213043478
